"";"Subject";"Day";"Decile";"Correlation"
"1";"CMG129_CA1_188";"Day 1.Day 2";"1";0,480451724
"2";"CMG129_CA1_320";"Day 1.Day 2";"1";0,295072799
"3";"CMG129_CA1_4";"Day 1.Day 2";"1";0,572405168
"4";"CMG129_CA1_66";"Day 1.Day 2";"1";0,562265145
"5";"CMG129_CA1_7";"Day 1.Day 2";"1";0,18275236
"6";"CMG154_CA1_103";"Day 1.Day 2";"1";0,595676881
"7";"CMG154_CA1_145";"Day 1.Day 2";"1";0,340009791
"8";"CMG154_CA1_19";"Day 1.Day 2";"1";0,4224738
"9";"CMG154_CA1_203";"Day 1.Day 2";"1";0,6254514
"10";"CMG154_CA1_229";"Day 1.Day 2";"1";0,407410592
"11";"CMG154_CA1_230";"Day 1.Day 2";"1";0,00542005
"12";"CMG154_CA1_240";"Day 1.Day 2";"1";0,243698108
"13";"CMG154_CA1_242";"Day 1.Day 2";"1";0,770628626
"14";"CMG154_CA1_26";"Day 1.Day 2";"1";0,548108762
"15";"CMG154_CA1_282";"Day 1.Day 2";"1";0,546558682
"16";"CMG154_CA1_308";"Day 1.Day 2";"1";0,085675068
"17";"CMG154_CA1_316";"Day 1.Day 2";"1";0,572343769
"18";"CMG154_CA1_354";"Day 1.Day 2";"1";0,127507239
"19";"CMG154_CA1_388";"Day 1.Day 2";"1";0,11154328
"20";"CMG154_CA1_40";"Day 1.Day 2";"1";0,516102698
"21";"CMG154_CA1_49";"Day 1.Day 2";"1";0,732435756
"22";"CMG154_CA1_57";"Day 1.Day 2";"1";0,059074065
"23";"CMG154_CA1_59";"Day 1.Day 2";"1";0,572635917
"24";"CMG154_CA1_64";"Day 1.Day 2";"1";0,702177654
"25";"CMG154_CA1_74";"Day 1.Day 2";"1";0,565513734
"26";"CMG161_CA1_36";"Day 1.Day 2";"1";0,391137106
"27";"CMG161_CA1_42";"Day 1.Day 2";"1";0,324968992
"28";"CMG162_CA1_16";"Day 1.Day 2";"1";0,374293212
"29";"CMG169_CA1_106";"Day 1.Day 2";"1";0,017175751
"30";"CMG169_CA1_109";"Day 1.Day 2";"1";0,149018613
"31";"CMG169_CA1_127";"Day 1.Day 2";"1";0,514684305
"32";"CMG169_CA1_13";"Day 1.Day 2";"1";0,193086741
"33";"CMG169_CA1_143";"Day 1.Day 2";"1";0,450940018
"34";"CMG169_CA1_160";"Day 1.Day 2";"1";0,574071593
"35";"CMG169_CA1_164";"Day 1.Day 2";"1";0,164666306
"36";"CMG169_CA1_169";"Day 1.Day 2";"1";0,216732802
"37";"CMG169_CA1_310";"Day 1.Day 2";"1";0,244017267
"38";"CMG169_CA1_45";"Day 1.Day 2";"1";0,529179282
"39";"CMG169_CA1_68";"Day 1.Day 2";"1";0,154685086
"40";"CMG169_CA1_83";"Day 1.Day 2";"1";0,346372583
"41";"CMG129_CA1_106";"Day 1.Day 2";"2";0,521374093
"42";"CMG129_CA1_112";"Day 1.Day 2";"2";0,228012922
"43";"CMG129_CA1_136";"Day 1.Day 2";"2";0,156915036
"44";"CMG129_CA1_264";"Day 1.Day 2";"2";0,547950388
"45";"CMG129_CA1_282";"Day 1.Day 2";"2";0,081548814
"46";"CMG129_CA1_32";"Day 1.Day 2";"2";0,276561131
"47";"CMG154_CA1_139";"Day 1.Day 2";"2";0,468801356
"48";"CMG154_CA1_14";"Day 1.Day 2";"2";0,311043206
"49";"CMG154_CA1_176";"Day 1.Day 2";"2";0,385073471
"50";"CMG154_CA1_208";"Day 1.Day 2";"2";0,332438604
"51";"CMG154_CA1_234";"Day 1.Day 2";"2";0,457598701
"52";"CMG154_CA1_243";"Day 1.Day 2";"2";0,261058237
"53";"CMG154_CA1_284";"Day 1.Day 2";"2";0,352509204
"54";"CMG154_CA1_3";"Day 1.Day 2";"2";0,046277881
"55";"CMG154_CA1_324";"Day 1.Day 2";"2";0,190010733
"56";"CMG154_CA1_360";"Day 1.Day 2";"2";0,254986746
"57";"CMG154_CA1_367";"Day 1.Day 2";"2";0,247021435
"58";"CMG154_CA1_47";"Day 1.Day 2";"2";0,470911369
"59";"CMG154_CA1_513";"Day 1.Day 2";"2";0,250423947
"60";"CMG154_CA1_80";"Day 1.Day 2";"2";0,132697951
"61";"CMG161_CA1_11";"Day 1.Day 2";"2";0,050836092
"62";"CMG161_CA1_8";"Day 1.Day 2";"2";0,493487289
"63";"CMG162_CA1_145";"Day 1.Day 2";"2";0,230942816
"64";"CMG162_CA1_319";"Day 1.Day 2";"2";0,175366404
"65";"CMG169_CA1_107";"Day 1.Day 2";"2";0,281418398
"66";"CMG169_CA1_113";"Day 1.Day 2";"2";0,473443088
"67";"CMG169_CA1_132";"Day 1.Day 2";"2";0,062511189
"68";"CMG169_CA1_148";"Day 1.Day 2";"2";0,008640135
"69";"CMG169_CA1_171";"Day 1.Day 2";"2";0,025318799
"70";"CMG169_CA1_215";"Day 1.Day 2";"2";0,154985909
"71";"CMG169_CA1_220";"Day 1.Day 2";"2";0,098012497
"72";"CMG169_CA1_41";"Day 1.Day 2";"2";0,304525653
"73";"CMG169_CA1_57";"Day 1.Day 2";"2";0,157346049
"74";"CMG169_CA1_62";"Day 1.Day 2";"2";0,33708892
"75";"CMG169_CA1_94";"Day 1.Day 2";"2";0,280903813
"76";"CMG169_CA1_95";"Day 1.Day 2";"2";0,39632666
"77";"CMG169_CA1_99";"Day 1.Day 2";"2";0,11760096
"78";"CMG129_CA1_2";"Day 1.Day 2";"3";0,234089149
"79";"CMG129_CA1_216";"Day 1.Day 2";"3";0,083731749
"80";"CMG129_CA1_79";"Day 1.Day 2";"3";0,27979718
"81";"CMG154_CA1_1";"Day 1.Day 2";"3";0,29083958
"82";"CMG154_CA1_105";"Day 1.Day 2";"3";0,111252706
"83";"CMG154_CA1_131";"Day 1.Day 2";"3";0,01485141
"84";"CMG154_CA1_133";"Day 1.Day 2";"3";0,201480374
"85";"CMG154_CA1_183";"Day 1.Day 2";"3";0,346196704
"86";"CMG154_CA1_184";"Day 1.Day 2";"3";0,286603784
"87";"CMG154_CA1_188";"Day 1.Day 2";"3";0,311099567
"88";"CMG154_CA1_195";"Day 1.Day 2";"3";0,0771103
"89";"CMG154_CA1_200";"Day 1.Day 2";"3";0,194004063
"90";"CMG154_CA1_288";"Day 1.Day 2";"3";0,009944866
"91";"CMG154_CA1_304";"Day 1.Day 2";"3";0,117675077
"92";"CMG154_CA1_337";"Day 1.Day 2";"3";0,212840204
"93";"CMG154_CA1_353";"Day 1.Day 2";"3";0,100690368
"94";"CMG154_CA1_5";"Day 1.Day 2";"3";0,390217717
"95";"CMG154_CA1_61";"Day 1.Day 2";"3";0,042418171
"96";"CMG161_CA1_3";"Day 1.Day 2";"3";0,131112784
"97";"CMG161_CA1_47";"Day 1.Day 2";"3";0,118686003
"98";"CMG162_CA1_131";"Day 1.Day 2";"3";0,4532375
"99";"CMG162_CA1_134";"Day 1.Day 2";"3";0,06231869
"100";"CMG162_CA1_44";"Day 1.Day 2";"3";0,297982396
"101";"CMG162_CA1_48";"Day 1.Day 2";"3";0,127130324
"102";"CMG162_CA1_90";"Day 1.Day 2";"3";0,157452138
"103";"CMG169_CA1_104";"Day 1.Day 2";"3";0,381008161
"104";"CMG169_CA1_112";"Day 1.Day 2";"3";0,089692499
"105";"CMG169_CA1_144";"Day 1.Day 2";"3";0,151885786
"106";"CMG169_CA1_163";"Day 1.Day 2";"3";0,07418771
"107";"CMG169_CA1_40";"Day 1.Day 2";"3";0,367425161
"108";"CMG169_CA1_61";"Day 1.Day 2";"3";0,011345996
"109";"CMG169_CA1_76";"Day 1.Day 2";"3";0,05230248
"110";"CMG169_CA1_88";"Day 1.Day 2";"3";0,085737783
"111";"CMG169_CA1_91";"Day 1.Day 2";"3";0,156684306
"112";"CMG129_CA1_128";"Day 1.Day 2";"4";0,218972337
"113";"CMG129_CA1_147";"Day 1.Day 2";"4";0,280436722
"114";"CMG129_CA1_35";"Day 1.Day 2";"4";0,197023366
"115";"CMG129_CA1_42";"Day 1.Day 2";"4";0,313862991
"116";"CMG129_CA1_72";"Day 1.Day 2";"4";0,06291994
"117";"CMG154_CA1_109";"Day 1.Day 2";"4";0,081536472
"118";"CMG154_CA1_134";"Day 1.Day 2";"4";0,22568496
"119";"CMG154_CA1_2";"Day 1.Day 2";"4";0,190696948
"120";"CMG154_CA1_221";"Day 1.Day 2";"4";0,194382738
"121";"CMG154_CA1_340";"Day 1.Day 2";"4";0,240975125
"122";"CMG154_CA1_56";"Day 1.Day 2";"4";0,172829296
"123";"CMG154_CA1_58";"Day 1.Day 2";"4";0,128195331
"124";"CMG154_CA1_6";"Day 1.Day 2";"4";0,001162977
"125";"CMG154_CA1_77";"Day 1.Day 2";"4";0,104152513
"126";"CMG154_CA1_95";"Day 1.Day 2";"4";0,300803024
"127";"CMG161_CA1_18";"Day 1.Day 2";"4";0,017670285
"128";"CMG161_CA1_19";"Day 1.Day 2";"4";0,094542387
"129";"CMG161_CA1_22";"Day 1.Day 2";"4";0,216267579
"130";"CMG161_CA1_23";"Day 1.Day 2";"4";0,234025222
"131";"CMG161_CA1_7";"Day 1.Day 2";"4";0,054950893
"132";"CMG161_CA1_9";"Day 1.Day 2";"4";0,191531675
"133";"CMG162_CA1_1";"Day 1.Day 2";"4";0,562361695
"134";"CMG162_CA1_106";"Day 1.Day 2";"4";0,211401198
"135";"CMG162_CA1_124";"Day 1.Day 2";"4";0,15394744
"136";"CMG162_CA1_168";"Day 1.Day 2";"4";0,043672029
"137";"CMG162_CA1_249";"Day 1.Day 2";"4";0,068488712
"138";"CMG162_CA1_69";"Day 1.Day 2";"4";0,154646157
"139";"CMG162_CA1_75";"Day 1.Day 2";"4";0,201289352
"140";"CMG162_CA1_82";"Day 1.Day 2";"4";0,179641482
"141";"CMG169_CA1_101";"Day 1.Day 2";"4";0,015975789
"142";"CMG169_CA1_131";"Day 1.Day 2";"4";0,060225756
"143";"CMG169_CA1_134";"Day 1.Day 2";"4";0,106209579
"144";"CMG169_CA1_142";"Day 1.Day 2";"4";0,19669989
"145";"CMG169_CA1_176";"Day 1.Day 2";"4";0,317240411
"146";"CMG169_CA1_20";"Day 1.Day 2";"4";0,262970898
"147";"CMG169_CA1_326";"Day 1.Day 2";"4";0,091914606
"148";"CMG169_CA1_52";"Day 1.Day 2";"4";0,206540689
"149";"CMG169_CA1_77";"Day 1.Day 2";"4";0,051090081
"150";"CMG169_CA1_87";"Day 1.Day 2";"4";0,106355544
"151";"CMG129_CA1_104";"Day 1.Day 2";"5";0,299293877
"152";"CMG129_CA1_60";"Day 1.Day 2";"5";0,373101122
"153";"CMG129_CA1_89";"Day 1.Day 2";"5";0,005823242
"154";"CMG154_CA1_10";"Day 1.Day 2";"5";0,287555327
"155";"CMG154_CA1_112";"Day 1.Day 2";"5";0,243759066
"156";"CMG154_CA1_189";"Day 1.Day 2";"5";0,12402504
"157";"CMG154_CA1_197";"Day 1.Day 2";"5";0,253334092
"158";"CMG154_CA1_231";"Day 1.Day 2";"5";0,012726429
"159";"CMG154_CA1_238";"Day 1.Day 2";"5";0,222038395
"160";"CMG154_CA1_280";"Day 1.Day 2";"5";0,032395453
"161";"CMG154_CA1_286";"Day 1.Day 2";"5";0,120325055
"162";"CMG154_CA1_303";"Day 1.Day 2";"5";0,007049627
"163";"CMG154_CA1_39";"Day 1.Day 2";"5";0,32490815
"164";"CMG154_CA1_43";"Day 1.Day 2";"5";0,56856389
"165";"CMG154_CA1_97";"Day 1.Day 2";"5";0,066043423
"166";"CMG161_CA1_33";"Day 1.Day 2";"5";0,247916739
"167";"CMG162_CA1_169";"Day 1.Day 2";"5";0,423385026
"168";"CMG162_CA1_185";"Day 1.Day 2";"5";0,104976395
"169";"CMG162_CA1_20";"Day 1.Day 2";"5";0,051763824
"170";"CMG162_CA1_433";"Day 1.Day 2";"5";0,183698997
"171";"CMG169_CA1_157";"Day 1.Day 2";"5";0,023105759
"172";"CMG169_CA1_19";"Day 1.Day 2";"5";0,153254561
"173";"CMG169_CA1_26";"Day 1.Day 2";"5";0,051988984
"174";"CMG169_CA1_65";"Day 1.Day 2";"5";0,004515286
"175";"CMG169_CA1_82";"Day 1.Day 2";"5";0,207839569
"176";"CMG169_CA1_86";"Day 1.Day 2";"5";0,251245636
"177";"CMG169_CA1_89";"Day 1.Day 2";"5";0,264462285
"178";"CMG169_CA1_96";"Day 1.Day 2";"5";0,121363629
"179";"CMG129_CA1_143";"Day 1.Day 2";"6";0,081044169
"180";"CMG129_CA1_150";"Day 1.Day 2";"6";0,185201108
"181";"CMG129_CA1_159";"Day 1.Day 2";"6";0,018833813
"182";"CMG129_CA1_54";"Day 1.Day 2";"6";0,077069482
"183";"CMG129_CA1_85";"Day 1.Day 2";"6";0,00867348
"184";"CMG129_CA1_93";"Day 1.Day 2";"6";0,151845062
"185";"CMG129_CA1_99";"Day 1.Day 2";"6";0,112291756
"186";"CMG154_CA1_160";"Day 1.Day 2";"6";0,092937536
"187";"CMG154_CA1_17";"Day 1.Day 2";"6";0,157487784
"188";"CMG154_CA1_209";"Day 1.Day 2";"6";0,113119493
"189";"CMG154_CA1_4";"Day 1.Day 2";"6";0,215801498
"190";"CMG154_CA1_45";"Day 1.Day 2";"6";0,144884451
"191";"CMG154_CA1_464";"Day 1.Day 2";"6";0,128368149
"192";"CMG154_CA1_73";"Day 1.Day 2";"6";0,168775712
"193";"CMG161_CA1_16";"Day 1.Day 2";"6";0,073858733
"194";"CMG162_CA1_109";"Day 1.Day 2";"6";0,188695953
"195";"CMG162_CA1_12";"Day 1.Day 2";"6";0,006669598
"196";"CMG162_CA1_161";"Day 1.Day 2";"6";0,049641217
"197";"CMG162_CA1_46";"Day 1.Day 2";"6";0,197473635
"198";"CMG162_CA1_74";"Day 1.Day 2";"6";0,059288519
"199";"CMG162_CA1_79";"Day 1.Day 2";"6";0,099787582
"200";"CMG169_CA1_116";"Day 1.Day 2";"6";0,007639786
"201";"CMG169_CA1_32";"Day 1.Day 2";"6";0,037781048
"202";"CMG169_CA1_35";"Day 1.Day 2";"6";0,044947451
"203";"CMG169_CA1_44";"Day 1.Day 2";"6";0,030543568
"204";"CMG169_CA1_46";"Day 1.Day 2";"6";0,239022334
"205";"CMG169_CA1_56";"Day 1.Day 2";"6";0,232197348
"206";"CMG129_CA1_100";"Day 1.Day 2";"7";0,078352433
"207";"CMG129_CA1_141";"Day 1.Day 2";"7";0,30374394
"208";"CMG129_CA1_375";"Day 1.Day 2";"7";0,198962791
"209";"CMG129_CA1_5";"Day 1.Day 2";"7";0,069678059
"210";"CMG129_CA1_80";"Day 1.Day 2";"7";0,009093789
"211";"CMG129_CA1_84";"Day 1.Day 2";"7";0,440341079
"212";"CMG129_CA1_94";"Day 1.Day 2";"7";0,08423208
"213";"CMG154_CA1_24";"Day 1.Day 2";"7";0,171013848
"214";"CMG154_CA1_248";"Day 1.Day 2";"7";0,042852106
"215";"CMG154_CA1_28";"Day 1.Day 2";"7";0,400048843
"216";"CMG154_CA1_477";"Day 1.Day 2";"7";0,205394888
"217";"CMG154_CA1_93";"Day 1.Day 2";"7";0,171903053
"218";"CMG161_CA1_25";"Day 1.Day 2";"7";0,250879615
"219";"CMG161_CA1_30";"Day 1.Day 2";"7";0,046611264
"220";"CMG162_CA1_112";"Day 1.Day 2";"7";0,493092882
"221";"CMG162_CA1_132";"Day 1.Day 2";"7";0,051902972
"222";"CMG162_CA1_15";"Day 1.Day 2";"7";0,118134669
"223";"CMG162_CA1_60";"Day 1.Day 2";"7";0,048712004
"224";"CMG162_CA1_65";"Day 1.Day 2";"7";0,10543299
"225";"CMG162_CA1_67";"Day 1.Day 2";"7";0,12731263
"226";"CMG162_CA1_77";"Day 1.Day 2";"7";0,493386237
"227";"CMG162_CA1_92";"Day 1.Day 2";"7";0,110940047
"228";"CMG169_CA1_1";"Day 1.Day 2";"7";0,353906188
"229";"CMG169_CA1_118";"Day 1.Day 2";"7";0,321776613
"230";"CMG169_CA1_121";"Day 1.Day 2";"7";0,065162322
"231";"CMG169_CA1_136";"Day 1.Day 2";"7";0,270367057
"232";"CMG169_CA1_36";"Day 1.Day 2";"7";0,246269346
"233";"CMG169_CA1_38";"Day 1.Day 2";"7";0,330506727
"234";"CMG129_CA1_133";"Day 1.Day 2";"8";0,361045914
"235";"CMG129_CA1_274";"Day 1.Day 2";"8";0,281981493
"236";"CMG129_CA1_284";"Day 1.Day 2";"8";0,447723746
"237";"CMG129_CA1_57";"Day 1.Day 2";"8";0,646624281
"238";"CMG129_CA1_68";"Day 1.Day 2";"8";0,142960582
"239";"CMG129_CA1_9";"Day 1.Day 2";"8";0,063795914
"240";"CMG154_CA1_100";"Day 1.Day 2";"8";0,047106864
"241";"CMG154_CA1_12";"Day 1.Day 2";"8";0,050036502
"242";"CMG154_CA1_15";"Day 1.Day 2";"8";0,260120513
"243";"CMG154_CA1_273";"Day 1.Day 2";"8";0,06640455
"244";"CMG154_CA1_378";"Day 1.Day 2";"8";0,497958113
"245";"CMG154_CA1_44";"Day 1.Day 2";"8";0,321560627
"246";"CMG154_CA1_51";"Day 1.Day 2";"8";0,09707168
"247";"CMG161_CA1_44";"Day 1.Day 2";"8";0,229649803
"248";"CMG162_CA1_126";"Day 1.Day 2";"8";0,180342185
"249";"CMG162_CA1_21";"Day 1.Day 2";"8";0,314694539
"250";"CMG162_CA1_26";"Day 1.Day 2";"8";0,04312562
"251";"CMG162_CA1_64";"Day 1.Day 2";"8";0,291105485
"252";"CMG162_CA1_81";"Day 1.Day 2";"8";0,039582249
"253";"CMG162_CA1_95";"Day 1.Day 2";"8";0,068899329
"254";"CMG169_CA1_147";"Day 1.Day 2";"8";0,290225027
"255";"CMG169_CA1_16";"Day 1.Day 2";"8";0,038335054
"256";"CMG129_CA1_153";"Day 1.Day 2";"9";0,15727638
"257";"CMG129_CA1_18";"Day 1.Day 2";"9";0,002893578
"258";"CMG154_CA1_115";"Day 1.Day 2";"9";0,151963571
"259";"CMG154_CA1_140";"Day 1.Day 2";"9";0,001017013
"260";"CMG154_CA1_16";"Day 1.Day 2";"9";0,280579388
"261";"CMG154_CA1_214";"Day 1.Day 2";"9";0,087460135
"262";"CMG154_CA1_293";"Day 1.Day 2";"9";0,059625847
"263";"CMG154_CA1_30";"Day 1.Day 2";"9";0,096298717
"264";"CMG161_CA1_4";"Day 1.Day 2";"9";0,238100019
"265";"CMG162_CA1_55";"Day 1.Day 2";"9";0,026004892
"266";"CMG162_CA1_83";"Day 1.Day 2";"9";0,018430711
"267";"CMG169_CA1_48";"Day 1.Day 2";"9";0,196908112
"268";"CMG129_CA1_146";"Day 1.Day 2";"10";0,213850101
"269";"CMG129_CA1_41";"Day 1.Day 2";"10";0,438678487
"270";"CMG154_CA1_168";"Day 1.Day 2";"10";0,000908815
"271";"CMG154_CA1_216";"Day 1.Day 2";"10";0,209334615
"272";"CMG154_CA1_223";"Day 1.Day 2";"10";0,125620998
"273";"CMG154_CA1_259";"Day 1.Day 2";"10";0,777022363
"274";"CMG154_CA1_318";"Day 1.Day 2";"10";0,044277622
"275";"CMG154_CA1_323";"Day 1.Day 2";"10";0,631604649
"276";"CMG154_CA1_9";"Day 1.Day 2";"10";0,131985068
"277";"CMG161_CA1_12";"Day 1.Day 2";"10";0,495578847
"278";"CMG162_CA1_10";"Day 1.Day 2";"10";0,299340028
"279";"CMG162_CA1_107";"Day 1.Day 2";"10";0,065060547
"280";"CMG162_CA1_114";"Day 1.Day 2";"10";0,260126596
"281";"CMG162_CA1_116";"Day 1.Day 2";"10";0,019159725
"282";"CMG162_CA1_51";"Day 1.Day 2";"10";0,135975649
"283";"CMG162_CA1_53";"Day 1.Day 2";"10";0,225826836
"284";"CMG162_CA1_56";"Day 1.Day 2";"10";0,050512478
"285";"CMG169_CA1_14";"Day 1.Day 2";"10";0,109548538
"286";"CMG169_CA1_140";"Day 1.Day 2";"10";0,172646409
"287";"CMG169_CA1_54";"Day 1.Day 2";"10";0,754939022
"288";"CMG169_CA1_55";"Day 1.Day 2";"10";0,21423941
"289";"CMG169_CA1_90";"Day 1.Day 2";"10";0,39984346
"290";"CMG129_CA1_320";"Day 1.Day 3";"1";0,826411427
"291";"CMG129_CA1_4";"Day 1.Day 3";"1";0,195521558
"292";"CMG129_CA1_56";"Day 1.Day 3";"1";1,001764917
"293";"CMG154_CA1_203";"Day 1.Day 3";"1";0,495776637
"294";"CMG154_CA1_230";"Day 1.Day 3";"1";0,378687877
"295";"CMG154_CA1_242";"Day 1.Day 3";"1";0,642771676
"296";"CMG154_CA1_26";"Day 1.Day 3";"1";0,501675102
"297";"CMG154_CA1_316";"Day 1.Day 3";"1";0,244476803
"298";"CMG154_CA1_354";"Day 1.Day 3";"1";0,033870246
"299";"CMG154_CA1_377";"Day 1.Day 3";"1";0,14128602
"300";"CMG154_CA1_40";"Day 1.Day 3";"1";0,448775955
"301";"CMG154_CA1_57";"Day 1.Day 3";"1";0,238303428
"302";"CMG154_CA1_59";"Day 1.Day 3";"1";0,665707662
"303";"CMG154_CA1_64";"Day 1.Day 3";"1";0,590989623
"304";"CMG154_CA1_74";"Day 1.Day 3";"1";0,69281301
"305";"CMG154_CA1_793";"Day 1.Day 3";"1";0,261406457
"306";"CMG161_CA1_36";"Day 1.Day 3";"1";0,53128575
"307";"CMG161_CA1_42";"Day 1.Day 3";"1";0,266798157
"308";"CMG162_CA1_16";"Day 1.Day 3";"1";0,134326629
"309";"CMG169_CA1_109";"Day 1.Day 3";"1";0,001317438
"310";"CMG169_CA1_127";"Day 1.Day 3";"1";0,221383028
"311";"CMG169_CA1_13";"Day 1.Day 3";"1";0,21737273
"312";"CMG169_CA1_143";"Day 1.Day 3";"1";0,205961488
"313";"CMG169_CA1_149";"Day 1.Day 3";"1";0,498451166
"314";"CMG169_CA1_164";"Day 1.Day 3";"1";0,340852316
"315";"CMG169_CA1_310";"Day 1.Day 3";"1";0,005290234
"316";"CMG169_CA1_45";"Day 1.Day 3";"1";0,416216432
"317";"CMG169_CA1_73";"Day 1.Day 3";"1";0,608267243
"318";"CMG169_CA1_83";"Day 1.Day 3";"1";0,246863819
"319";"CMG129_CA1_112";"Day 1.Day 3";"2";0,346005504
"320";"CMG129_CA1_24";"Day 1.Day 3";"2";0,259099758
"321";"CMG129_CA1_264";"Day 1.Day 3";"2";0,22104257
"322";"CMG129_CA1_282";"Day 1.Day 3";"2";0,080133144
"323";"CMG129_CA1_536";"Day 1.Day 3";"2";0,204146683
"324";"CMG154_CA1_13";"Day 1.Day 3";"2";0,342304909
"325";"CMG154_CA1_14";"Day 1.Day 3";"2";0,158756078
"326";"CMG154_CA1_208";"Day 1.Day 3";"2";0,478045421
"327";"CMG154_CA1_243";"Day 1.Day 3";"2";0,259827114
"328";"CMG154_CA1_3";"Day 1.Day 3";"2";0,424744522
"329";"CMG154_CA1_324";"Day 1.Day 3";"2";0,040104637
"330";"CMG154_CA1_34";"Day 1.Day 3";"2";0,212020608
"331";"CMG154_CA1_47";"Day 1.Day 3";"2";0,4735824
"332";"CMG154_CA1_513";"Day 1.Day 3";"2";0,250465225
"333";"CMG154_CA1_7";"Day 1.Day 3";"2";0,096253272
"334";"CMG154_CA1_84";"Day 1.Day 3";"2";0,059840776
"335";"CMG154_CA1_86";"Day 1.Day 3";"2";0,468674371
"336";"CMG161_CA1_15";"Day 1.Day 3";"2";0,10012813
"337";"CMG161_CA1_8";"Day 1.Day 3";"2";0,433583223
"338";"CMG162_CA1_319";"Day 1.Day 3";"2";0,186601908
"339";"CMG169_CA1_113";"Day 1.Day 3";"2";0,21118342
"340";"CMG169_CA1_123";"Day 1.Day 3";"2";0,245327037
"341";"CMG169_CA1_132";"Day 1.Day 3";"2";0,001856656
"342";"CMG169_CA1_138";"Day 1.Day 3";"2";0,335579379
"343";"CMG169_CA1_148";"Day 1.Day 3";"2";0,23505661
"344";"CMG169_CA1_165";"Day 1.Day 3";"2";0,395744593
"345";"CMG169_CA1_171";"Day 1.Day 3";"2";0,220994035
"346";"CMG169_CA1_215";"Day 1.Day 3";"2";0,208737434
"347";"CMG169_CA1_220";"Day 1.Day 3";"2";0,287985845
"348";"CMG169_CA1_94";"Day 1.Day 3";"2";0,294850729
"349";"CMG169_CA1_95";"Day 1.Day 3";"2";0,032416834
"350";"CMG129_CA1_70";"Day 1.Day 3";"3";0,325576621
"351";"CMG129_CA1_79";"Day 1.Day 3";"3";0,344077212
"352";"CMG154_CA1_1";"Day 1.Day 3";"3";0,149516424
"353";"CMG154_CA1_131";"Day 1.Day 3";"3";0,472849263
"354";"CMG154_CA1_182";"Day 1.Day 3";"3";0,106165853
"355";"CMG154_CA1_183";"Day 1.Day 3";"3";0,02109985
"356";"CMG154_CA1_184";"Day 1.Day 3";"3";0,032584088
"357";"CMG154_CA1_188";"Day 1.Day 3";"3";0,188770382
"358";"CMG154_CA1_195";"Day 1.Day 3";"3";0,37752452
"359";"CMG154_CA1_237";"Day 1.Day 3";"3";0,38451675
"360";"CMG154_CA1_288";"Day 1.Day 3";"3";0,126242998
"361";"CMG154_CA1_296";"Day 1.Day 3";"3";0,294418503
"362";"CMG154_CA1_304";"Day 1.Day 3";"3";0,356051223
"363";"CMG154_CA1_5";"Day 1.Day 3";"3";0,376410647
"364";"CMG154_CA1_61";"Day 1.Day 3";"3";0,188793556
"365";"CMG161_CA1_3";"Day 1.Day 3";"3";0,382952706
"366";"CMG162_CA1_48";"Day 1.Day 3";"3";0,331630544
"367";"CMG169_CA1_112";"Day 1.Day 3";"3";0,182812634
"368";"CMG169_CA1_163";"Day 1.Day 3";"3";0,316868975
"369";"CMG169_CA1_24";"Day 1.Day 3";"3";0,266634057
"370";"CMG169_CA1_40";"Day 1.Day 3";"3";0,346392434
"371";"CMG169_CA1_61";"Day 1.Day 3";"3";0,185088541
"372";"CMG169_CA1_76";"Day 1.Day 3";"3";0,395887155
"373";"CMG169_CA1_88";"Day 1.Day 3";"3";0,098010417
"374";"CMG129_CA1_123";"Day 1.Day 3";"4";0,289652309
"375";"CMG129_CA1_337";"Day 1.Day 3";"4";0,170422039
"376";"CMG129_CA1_35";"Day 1.Day 3";"4";0,286647213
"377";"CMG129_CA1_42";"Day 1.Day 3";"4";0,265514682
"378";"CMG129_CA1_522";"Day 1.Day 3";"4";0,150923175
"379";"CMG129_CA1_72";"Day 1.Day 3";"4";0,042002578
"380";"CMG154_CA1_109";"Day 1.Day 3";"4";0,162950878
"381";"CMG154_CA1_116";"Day 1.Day 3";"4";0,089765658
"382";"CMG154_CA1_134";"Day 1.Day 3";"4";0,435639365
"383";"CMG154_CA1_202";"Day 1.Day 3";"4";0,446286375
"384";"CMG154_CA1_215";"Day 1.Day 3";"4";0,185041278
"385";"CMG154_CA1_221";"Day 1.Day 3";"4";0,018681223
"386";"CMG154_CA1_340";"Day 1.Day 3";"4";0,016671732
"387";"CMG154_CA1_56";"Day 1.Day 3";"4";0,250618379
"388";"CMG154_CA1_58";"Day 1.Day 3";"4";0,338804465
"389";"CMG161_CA1_18";"Day 1.Day 3";"4";0,232033645
"390";"CMG161_CA1_19";"Day 1.Day 3";"4";0,255545082
"391";"CMG161_CA1_23";"Day 1.Day 3";"4";0,18708668
"392";"CMG161_CA1_7";"Day 1.Day 3";"4";0,154647778
"393";"CMG161_CA1_9";"Day 1.Day 3";"4";0,01140056
"394";"CMG162_CA1_1";"Day 1.Day 3";"4";0,2992691
"395";"CMG162_CA1_124";"Day 1.Day 3";"4";0,450264283
"396";"CMG162_CA1_249";"Day 1.Day 3";"4";0,359181898
"397";"CMG162_CA1_75";"Day 1.Day 3";"4";0,178675394
"398";"CMG162_CA1_82";"Day 1.Day 3";"4";0,042173058
"399";"CMG169_CA1_101";"Day 1.Day 3";"4";0,069779354
"400";"CMG169_CA1_131";"Day 1.Day 3";"4";0,003478947
"401";"CMG169_CA1_134";"Day 1.Day 3";"4";0,383204808
"402";"CMG169_CA1_176";"Day 1.Day 3";"4";0,038672005
"403";"CMG169_CA1_326";"Day 1.Day 3";"4";0,254329433
"404";"CMG169_CA1_52";"Day 1.Day 3";"4";0,20269039
"405";"CMG129_CA1_104";"Day 1.Day 3";"5";0,151565421
"406";"CMG129_CA1_89";"Day 1.Day 3";"5";0,264422614
"407";"CMG154_CA1_10";"Day 1.Day 3";"5";0,238511874
"408";"CMG154_CA1_231";"Day 1.Day 3";"5";0,012182919
"409";"CMG154_CA1_286";"Day 1.Day 3";"5";0,464148676
"410";"CMG154_CA1_303";"Day 1.Day 3";"5";0,66458342
"411";"CMG154_CA1_67";"Day 1.Day 3";"5";0,080886204
"412";"CMG154_CA1_97";"Day 1.Day 3";"5";0,137790811
"413";"CMG162_CA1_169";"Day 1.Day 3";"5";0,382200822
"414";"CMG162_CA1_185";"Day 1.Day 3";"5";0,151087611
"415";"CMG162_CA1_20";"Day 1.Day 3";"5";0,230315444
"416";"CMG162_CA1_433";"Day 1.Day 3";"5";0,320605303
"417";"CMG162_CA1_87";"Day 1.Day 3";"5";0,304905331
"418";"CMG169_CA1_108";"Day 1.Day 3";"5";0,17930331
"419";"CMG169_CA1_114";"Day 1.Day 3";"5";0,336537704
"420";"CMG169_CA1_122";"Day 1.Day 3";"5";0,105816192
"421";"CMG169_CA1_157";"Day 1.Day 3";"5";0,001838554
"422";"CMG169_CA1_191";"Day 1.Day 3";"5";0,499663827
"423";"CMG169_CA1_65";"Day 1.Day 3";"5";0,07166767
"424";"CMG169_CA1_82";"Day 1.Day 3";"5";0,185817143
"425";"CMG169_CA1_84";"Day 1.Day 3";"5";0,058233826
"426";"CMG169_CA1_86";"Day 1.Day 3";"5";0,115801019
"427";"CMG169_CA1_89";"Day 1.Day 3";"5";0,160306261
"428";"CMG169_CA1_96";"Day 1.Day 3";"5";0,393912014
"429";"CMG129_CA1_150";"Day 1.Day 3";"6";0,056481905
"430";"CMG129_CA1_159";"Day 1.Day 3";"6";0,02068126
"431";"CMG129_CA1_54";"Day 1.Day 3";"6";0,096504087
"432";"CMG129_CA1_6";"Day 1.Day 3";"6";0,165395161
"433";"CMG129_CA1_93";"Day 1.Day 3";"6";0,057988434
"434";"CMG154_CA1_154";"Day 1.Day 3";"6";0,160853077
"435";"CMG154_CA1_160";"Day 1.Day 3";"6";0,061973062
"436";"CMG154_CA1_17";"Day 1.Day 3";"6";0,038538171
"437";"CMG154_CA1_209";"Day 1.Day 3";"6";0,072302263
"438";"CMG154_CA1_227";"Day 1.Day 3";"6";0,106347969
"439";"CMG154_CA1_365";"Day 1.Day 3";"6";0,386179899
"440";"CMG154_CA1_4";"Day 1.Day 3";"6";0,204321328
"441";"CMG154_CA1_464";"Day 1.Day 3";"6";0,251569902
"442";"CMG154_CA1_79";"Day 1.Day 3";"6";0,236405128
"443";"CMG162_CA1_109";"Day 1.Day 3";"6";0,240451285
"444";"CMG162_CA1_187";"Day 1.Day 3";"6";0,043873591
"445";"CMG162_CA1_74";"Day 1.Day 3";"6";0,077757181
"446";"CMG169_CA1_116";"Day 1.Day 3";"6";0,05283132
"447";"CMG169_CA1_35";"Day 1.Day 3";"6";0,323354543
"448";"CMG169_CA1_44";"Day 1.Day 3";"6";0,121252215
"449";"CMG169_CA1_46";"Day 1.Day 3";"6";0,031863759
"450";"CMG169_CA1_56";"Day 1.Day 3";"6";0,348555602
"451";"CMG129_CA1_141";"Day 1.Day 3";"7";0,086505752
"452";"CMG129_CA1_30";"Day 1.Day 3";"7";0,086663391
"453";"CMG129_CA1_375";"Day 1.Day 3";"7";0,187215242
"454";"CMG129_CA1_5";"Day 1.Day 3";"7";0,20543408
"455";"CMG129_CA1_94";"Day 1.Day 3";"7";0,482395193
"456";"CMG154_CA1_185";"Day 1.Day 3";"7";0,20599146
"457";"CMG154_CA1_258";"Day 1.Day 3";"7";0,225773883
"458";"CMG154_CA1_27";"Day 1.Day 3";"7";0,102126722
"459";"CMG154_CA1_29";"Day 1.Day 3";"7";0,082236054
"460";"CMG154_CA1_37";"Day 1.Day 3";"7";0,047792044
"461";"CMG154_CA1_477";"Day 1.Day 3";"7";0,159251614
"462";"CMG154_CA1_70";"Day 1.Day 3";"7";0,146062282
"463";"CMG162_CA1_112";"Day 1.Day 3";"7";0,239399708
"464";"CMG162_CA1_132";"Day 1.Day 3";"7";0,313919972
"465";"CMG162_CA1_30";"Day 1.Day 3";"7";0,164952616
"466";"CMG162_CA1_77";"Day 1.Day 3";"7";0,733096962
"467";"CMG162_CA1_92";"Day 1.Day 3";"7";0,154605984
"468";"CMG169_CA1_1";"Day 1.Day 3";"7";0,429378595
"469";"CMG169_CA1_38";"Day 1.Day 3";"7";0,070533316
"470";"CMG129_CA1_274";"Day 1.Day 3";"8";0,214660924
"471";"CMG129_CA1_28";"Day 1.Day 3";"8";0,091380287
"472";"CMG129_CA1_284";"Day 1.Day 3";"8";0,369471182
"473";"CMG129_CA1_526";"Day 1.Day 3";"8";0,08069055
"474";"CMG129_CA1_57";"Day 1.Day 3";"8";0,538965608
"475";"CMG129_CA1_68";"Day 1.Day 3";"8";0,373865968
"476";"CMG129_CA1_9";"Day 1.Day 3";"8";0,135460891
"477";"CMG154_CA1_151";"Day 1.Day 3";"8";0,061293568
"478";"CMG154_CA1_174";"Day 1.Day 3";"8";0,007132345
"479";"CMG154_CA1_44";"Day 1.Day 3";"8";0,066310567
"480";"CMG161_CA1_44";"Day 1.Day 3";"8";0,810749946
"481";"CMG162_CA1_126";"Day 1.Day 3";"8";0,376397557
"482";"CMG162_CA1_21";"Day 1.Day 3";"8";0,156204414
"483";"CMG162_CA1_59";"Day 1.Day 3";"8";0,078482415
"484";"CMG162_CA1_64";"Day 1.Day 3";"8";0,050439796
"485";"CMG169_CA1_10";"Day 1.Day 3";"8";0,055192276
"486";"CMG169_CA1_147";"Day 1.Day 3";"8";0,350825825
"487";"CMG169_CA1_16";"Day 1.Day 3";"8";0,3896496
"488";"CMG169_CA1_173";"Day 1.Day 3";"8";0,147416665
"489";"CMG169_CA1_78";"Day 1.Day 3";"8";0,58014928
"490";"CMG129_CA1_13";"Day 1.Day 3";"9";0,111639041
"491";"CMG129_CA1_153";"Day 1.Day 3";"9";0,119910582
"492";"CMG129_CA1_18";"Day 1.Day 3";"9";0,288607004
"493";"CMG129_CA1_185";"Day 1.Day 3";"9";0,028422395
"494";"CMG129_CA1_258";"Day 1.Day 3";"9";0,280943299
"495";"CMG154_CA1_140";"Day 1.Day 3";"9";0,106301036
"496";"CMG154_CA1_178";"Day 1.Day 3";"9";0,125582942
"497";"CMG154_CA1_214";"Day 1.Day 3";"9";0,209863016
"498";"CMG154_CA1_30";"Day 1.Day 3";"9";0,142818438
"499";"CMG161_CA1_4";"Day 1.Day 3";"9";0,388762816
"500";"CMG162_CA1_141";"Day 1.Day 3";"9";0,044819494
"501";"CMG162_CA1_50";"Day 1.Day 3";"9";0,021383291
"502";"CMG162_CA1_55";"Day 1.Day 3";"9";0,030814058
"503";"CMG162_CA1_83";"Day 1.Day 3";"9";0,440382335
"504";"CMG169_CA1_48";"Day 1.Day 3";"9";0,021330346
"505";"CMG169_CA1_74";"Day 1.Day 3";"9";0,09763577
"506";"CMG129_CA1_146";"Day 1.Day 3";"10";0,664609595
"507";"CMG129_CA1_41";"Day 1.Day 3";"10";0,040891139
"508";"CMG154_CA1_149";"Day 1.Day 3";"10";0,739272418
"509";"CMG154_CA1_216";"Day 1.Day 3";"10";0,047554001
"510";"CMG154_CA1_223";"Day 1.Day 3";"10";0,326334123
"511";"CMG154_CA1_318";"Day 1.Day 3";"10";0,234338787
"512";"CMG154_CA1_323";"Day 1.Day 3";"10";0,497001253
"513";"CMG154_CA1_92";"Day 1.Day 3";"10";0,146266854
"514";"CMG162_CA1_107";"Day 1.Day 3";"10";0,028693244
"515";"CMG162_CA1_114";"Day 1.Day 3";"10";0,435211912
"516";"CMG162_CA1_116";"Day 1.Day 3";"10";0,314103459
"517";"CMG162_CA1_52";"Day 1.Day 3";"10";0,098932995
"518";"CMG162_CA1_56";"Day 1.Day 3";"10";0,072453791
"519";"CMG162_CA1_58";"Day 1.Day 3";"10";0,168797849
"520";"CMG162_CA1_93";"Day 1.Day 3";"10";0,585669701
"521";"CMG169_CA1_14";"Day 1.Day 3";"10";0,079149562
"522";"CMG169_CA1_54";"Day 1.Day 3";"10";0,629688666
"523";"CMG169_CA1_58";"Day 1.Day 3";"10";0,490551308
"524";"CMG169_CA1_67";"Day 1.Day 3";"10";0,746137799
"525";"CMG169_CA1_90";"Day 1.Day 3";"10";0,078208022
"526";"CMG129_CA1_272";"Day 2.Day 3";"1";0,651685552
"527";"CMG129_CA1_320";"Day 2.Day 3";"1";0,531338628
"528";"CMG129_CA1_42";"Day 2.Day 3";"1";0,579377673
"529";"CMG129_CA1_57";"Day 2.Day 3";"1";0,107658673
"530";"CMG154_CA1_184";"Day 2.Day 3";"1";0,254019696
"531";"CMG154_CA1_230";"Day 2.Day 3";"1";0,373267826
"532";"CMG154_CA1_278";"Day 2.Day 3";"1";0,572209311
"533";"CMG154_CA1_309";"Day 2.Day 3";"1";0,145141171
"534";"CMG154_CA1_323";"Day 2.Day 3";"1";0,134603397
"535";"CMG154_CA1_326";"Day 2.Day 3";"1";0,804791596
"536";"CMG154_CA1_354";"Day 2.Day 3";"1";0,161377484
"537";"CMG154_CA1_491";"Day 2.Day 3";"1";0,328566263
"538";"CMG154_CA1_494";"Day 2.Day 3";"1";0,471049602
"539";"CMG154_CA1_569";"Day 2.Day 3";"1";0,317831264
"540";"CMG154_CA1_599";"Day 2.Day 3";"1";0,401303917
"541";"CMG162_CA1_1";"Day 2.Day 3";"1";0,263092595
"542";"CMG162_CA1_112";"Day 2.Day 3";"1";0,73249259
"543";"CMG162_CA1_169";"Day 2.Day 3";"1";0,041184204
"544";"CMG162_CA1_77";"Day 2.Day 3";"1";0,239710726
"545";"CMG169_CA1_109";"Day 2.Day 3";"1";0,150336051
"546";"CMG169_CA1_132";"Day 2.Day 3";"1";0,060654533
"547";"CMG169_CA1_148";"Day 2.Day 3";"1";0,243696745
"548";"CMG169_CA1_164";"Day 2.Day 3";"1";0,505518622
"549";"CMG169_CA1_171";"Day 2.Day 3";"1";0,195675236
"550";"CMG169_CA1_176";"Day 2.Day 3";"1";0,278568405
"551";"CMG169_CA1_215";"Day 2.Day 3";"1";0,363723344
"552";"CMG169_CA1_255";"Day 2.Day 3";"1";0,405671808
"553";"CMG169_CA1_54";"Day 2.Day 3";"1";0,125250356
"554";"CMG169_CA1_95";"Day 2.Day 3";"1";0,363909826
"555";"CMG129_CA1_104";"Day 2.Day 3";"2";0,147728456
"556";"CMG129_CA1_141";"Day 2.Day 3";"2";0,390249692
"557";"CMG129_CA1_284";"Day 2.Day 3";"2";0,078252564
"558";"CMG129_CA1_302";"Day 2.Day 3";"2";0,331328876
"559";"CMG129_CA1_306";"Day 2.Day 3";"2";0,091785573
"560";"CMG129_CA1_541";"Day 2.Day 3";"2";0,122840303
"561";"CMG129_CA1_55";"Day 2.Day 3";"2";0,350137038
"562";"CMG154_CA1_131";"Day 2.Day 3";"2";0,487700673
"563";"CMG154_CA1_195";"Day 2.Day 3";"2";0,45463482
"564";"CMG154_CA1_3";"Day 2.Day 3";"2";0,378466641
"565";"CMG154_CA1_38";"Day 2.Day 3";"2";0,300271826
"566";"CMG154_CA1_57";"Day 2.Day 3";"2";0,179229363
"567";"CMG154_CA1_61";"Day 2.Day 3";"2";0,231211726
"568";"CMG154_CA1_653";"Day 2.Day 3";"2";0,284412112
"569";"CMG161_CA1_3";"Day 2.Day 3";"2";0,51406549
"570";"CMG161_CA1_76";"Day 2.Day 3";"2";0,038698923
"571";"CMG162_CA1_446";"Day 2.Day 3";"2";0,568671413
"572";"CMG162_CA1_618";"Day 2.Day 3";"2";0,260158679
"573";"CMG162_CA1_675";"Day 2.Day 3";"2";0,348557225
"574";"CMG169_CA1_1";"Day 2.Day 3";"2";0,075472408
"575";"CMG169_CA1_270";"Day 2.Day 3";"2";0,023514051
"576";"CMG169_CA1_275";"Day 2.Day 3";"2";0,533847802
"577";"CMG169_CA1_298";"Day 2.Day 3";"2";0,108263789
"578";"CMG169_CA1_308";"Day 2.Day 3";"2";0,193497817
"579";"CMG169_CA1_310";"Day 2.Day 3";"2";0,238727033
"580";"CMG169_CA1_38";"Day 2.Day 3";"2";0,259973411
"581";"CMG169_CA1_52";"Day 2.Day 3";"2";0,003850299
"582";"CMG169_CA1_86";"Day 2.Day 3";"2";0,135444617
"583";"CMG169_CA1_88";"Day 2.Day 3";"2";0,1837482
"584";"CMG129_CA1_274";"Day 2.Day 3";"3";0,067320569
"585";"CMG129_CA1_282";"Day 2.Day 3";"3";0,161681959
"586";"CMG129_CA1_351";"Day 2.Day 3";"3";0,371044702
"587";"CMG129_CA1_375";"Day 2.Day 3";"3";0,386178033
"588";"CMG129_CA1_41";"Day 2.Day 3";"3";0,479569626
"589";"CMG129_CA1_508";"Day 2.Day 3";"3";0,138740731
"590";"CMG129_CA1_59";"Day 2.Day 3";"3";0,009336872
"591";"CMG154_CA1_17";"Day 2.Day 3";"3";0,118949613
"592";"CMG154_CA1_286";"Day 2.Day 3";"3";0,343823621
"593";"CMG154_CA1_288";"Day 2.Day 3";"3";0,116298131
"594";"CMG154_CA1_333";"Day 2.Day 3";"3";0,410335348
"595";"CMG154_CA1_44";"Day 2.Day 3";"3";0,387871194
"596";"CMG154_CA1_477";"Day 2.Day 3";"3";0,046143275
"597";"CMG154_CA1_58";"Day 2.Day 3";"3";0,466999795
"598";"CMG161_CA1_18";"Day 2.Day 3";"3";0,24970393
"599";"CMG161_CA1_19";"Day 2.Day 3";"3";0,350087469
"600";"CMG162_CA1_109";"Day 2.Day 3";"3";0,429147239
"601";"CMG162_CA1_124";"Day 2.Day 3";"3";0,296316843
"602";"CMG162_CA1_21";"Day 2.Day 3";"3";0,158490125
"603";"CMG162_CA1_341";"Day 2.Day 3";"3";0,231892682
"604";"CMG162_CA1_433";"Day 2.Day 3";"3";0,5043043
"605";"CMG162_CA1_621";"Day 2.Day 3";"3";0,204311535
"606";"CMG162_CA1_635";"Day 2.Day 3";"3";0,061189085
"607";"CMG162_CA1_64";"Day 2.Day 3";"3";0,240665689
"608";"CMG162_CA1_658";"Day 2.Day 3";"3";0,3146032
"609";"CMG169_CA1_13";"Day 2.Day 3";"3";0,024285989
"610";"CMG169_CA1_131";"Day 2.Day 3";"3";0,063704704
"611";"CMG169_CA1_147";"Day 2.Day 3";"3";0,060600798
"612";"CMG169_CA1_163";"Day 2.Day 3";"3";0,242681265
"613";"CMG169_CA1_220";"Day 2.Day 3";"3";0,189973348
"614";"CMG169_CA1_297";"Day 2.Day 3";"3";0,125226614
"615";"CMG169_CA1_326";"Day 2.Day 3";"3";0,346244039
"616";"CMG169_CA1_34";"Day 2.Day 3";"3";0,086298861
"617";"CMG169_CA1_46";"Day 2.Day 3";"3";0,270886093
"618";"CMG169_CA1_56";"Day 2.Day 3";"3";0,116358255
"619";"CMG169_CA1_76";"Day 2.Day 3";"3";0,448189635
"620";"CMG169_CA1_90";"Day 2.Day 3";"3";0,321635439
"621";"CMG169_CA1_96";"Day 2.Day 3";"3";0,272548385
"622";"CMG129_CA1_160";"Day 2.Day 3";"4";0,054689061
"623";"CMG129_CA1_27";"Day 2.Day 3";"4";0,256678783
"624";"CMG129_CA1_294";"Day 2.Day 3";"4";0,315962548
"625";"CMG129_CA1_374";"Day 2.Day 3";"4";0,150881413
"626";"CMG129_CA1_379";"Day 2.Day 3";"4";0,087192339
"627";"CMG129_CA1_73";"Day 2.Day 3";"4";0,104338623
"628";"CMG154_CA1_160";"Day 2.Day 3";"4";0,154910598
"629";"CMG154_CA1_243";"Day 2.Day 3";"4";0,001231123
"630";"CMG154_CA1_40";"Day 2.Day 3";"4";0,067326743
"631";"CMG154_CA1_572";"Day 2.Day 3";"4";0,16654741
"632";"CMG154_CA1_97";"Day 2.Day 3";"4";0,203834234
"633";"CMG161_CA1_36";"Day 2.Day 3";"4";0,140148645
"634";"CMG161_CA1_44";"Day 2.Day 3";"4";0,581100143
"635";"CMG161_CA1_68";"Day 2.Day 3";"4";0,419599721
"636";"CMG162_CA1_126";"Day 2.Day 3";"4";0,196055372
"637";"CMG162_CA1_185";"Day 2.Day 3";"4";0,046111216
"638";"CMG162_CA1_319";"Day 2.Day 3";"4";0,011235504
"639";"CMG162_CA1_330";"Day 2.Day 3";"4";0,24383722
"640";"CMG162_CA1_445";"Day 2.Day 3";"4";0,088735809
"641";"CMG162_CA1_473";"Day 2.Day 3";"4";0,050431303
"642";"CMG162_CA1_543";"Day 2.Day 3";"4";0,043597039
"643";"CMG162_CA1_643";"Day 2.Day 3";"4";0,184770355
"644";"CMG169_CA1_101";"Day 2.Day 3";"4";0,085755143
"645";"CMG169_CA1_112";"Day 2.Day 3";"4";0,093120135
"646";"CMG169_CA1_274";"Day 2.Day 3";"4";0,153285341
"647";"CMG169_CA1_45";"Day 2.Day 3";"4";0,112962851
"648";"CMG169_CA1_61";"Day 2.Day 3";"4";0,173742545
"649";"CMG129_CA1_112";"Day 2.Day 3";"5";0,117992582
"650";"CMG129_CA1_19";"Day 2.Day 3";"5";0,195432116
"651";"CMG129_CA1_263";"Day 2.Day 3";"5";0,320501766
"652";"CMG129_CA1_308";"Day 2.Day 3";"5";0,222292913
"653";"CMG129_CA1_333";"Day 2.Day 3";"5";0,058586003
"654";"CMG129_CA1_350";"Day 2.Day 3";"5";0,140022399
"655";"CMG129_CA1_68";"Day 2.Day 3";"5";0,230905386
"656";"CMG129_CA1_72";"Day 2.Day 3";"5";0,104922518
"657";"CMG129_CA1_89";"Day 2.Day 3";"5";0,270245856
"658";"CMG154_CA1_121";"Day 2.Day 3";"5";0,271996347
"659";"CMG154_CA1_231";"Day 2.Day 3";"5";0,024909348
"660";"CMG154_CA1_303";"Day 2.Day 3";"5";0,657533793
"661";"CMG154_CA1_304";"Day 2.Day 3";"5";0,473726301
"662";"CMG154_CA1_324";"Day 2.Day 3";"5";0,149906096
"663";"CMG154_CA1_430";"Day 2.Day 3";"5";0,01263266
"664";"CMG154_CA1_487";"Day 2.Day 3";"5";0,303270081
"665";"CMG154_CA1_513";"Day 2.Day 3";"5";4,12786e-05
"666";"CMG154_CA1_74";"Day 2.Day 3";"5";0,127299276
"667";"CMG161_CA1_4";"Day 2.Day 3";"5";0,150662797
"668";"CMG161_CA1_42";"Day 2.Day 3";"5";0,058170836
"669";"CMG161_CA1_7";"Day 2.Day 3";"5";0,099696885
"670";"CMG162_CA1_16";"Day 2.Day 3";"5";0,239966583
"671";"CMG162_CA1_249";"Day 2.Day 3";"5";0,290693186
"672";"CMG162_CA1_48";"Day 2.Day 3";"5";0,204500219
"673";"CMG162_CA1_606";"Day 2.Day 3";"5";0,228492174
"674";"CMG162_CA1_636";"Day 2.Day 3";"5";0,074820559
"675";"CMG162_CA1_691";"Day 2.Day 3";"5";0,2118992
"676";"CMG162_CA1_74";"Day 2.Day 3";"5";0,018468662
"677";"CMG169_CA1_116";"Day 2.Day 3";"5";0,045191533
"678";"CMG169_CA1_134";"Day 2.Day 3";"5";0,489414387
"679";"CMG169_CA1_157";"Day 2.Day 3";"5";0,021267205
"680";"CMG169_CA1_343";"Day 2.Day 3";"5";0,260446381
"681";"CMG169_CA1_35";"Day 2.Day 3";"5";0,278407091
"682";"CMG169_CA1_48";"Day 2.Day 3";"5";0,175577766
"683";"CMG169_CA1_65";"Day 2.Day 3";"5";0,076182956
"684";"CMG169_CA1_83";"Day 2.Day 3";"5";0,099508764
"685";"CMG129_CA1_146";"Day 2.Day 3";"6";0,450759494
"686";"CMG129_CA1_153";"Day 2.Day 3";"6";0,277186962
"687";"CMG129_CA1_159";"Day 2.Day 3";"6";0,001847447
"688";"CMG129_CA1_433";"Day 2.Day 3";"6";0,230422966
"689";"CMG154_CA1_109";"Day 2.Day 3";"6";0,24448735
"690";"CMG154_CA1_208";"Day 2.Day 3";"6";0,145606818
"691";"CMG154_CA1_216";"Day 2.Day 3";"6";0,161780614
"692";"CMG154_CA1_267";"Day 2.Day 3";"6";0,086305387
"693";"CMG154_CA1_460";"Day 2.Day 3";"6";0,027459038
"694";"CMG154_CA1_519";"Day 2.Day 3";"6";0,081347306
"695";"CMG154_CA1_610";"Day 2.Day 3";"6";0,102647468
"696";"CMG162_CA1_114";"Day 2.Day 3";"6";0,175085316
"697";"CMG162_CA1_20";"Day 2.Day 3";"6";0,178551619
"698";"CMG162_CA1_412";"Day 2.Day 3";"6";0,051761152
"699";"CMG162_CA1_422";"Day 2.Day 3";"6";0,11114073
"700";"CMG162_CA1_443";"Day 2.Day 3";"6";0,194507274
"701";"CMG162_CA1_489";"Day 2.Day 3";"6";0,200145737
"702";"CMG162_CA1_609";"Day 2.Day 3";"6";0,105145542
"703";"CMG162_CA1_611";"Day 2.Day 3";"6";0,068512077
"704";"CMG162_CA1_629";"Day 2.Day 3";"6";0,083716214
"705";"CMG169_CA1_143";"Day 2.Day 3";"6";0,656901507
"706";"CMG169_CA1_276";"Day 2.Day 3";"6";0,252286644
"707";"CMG129_CA1_35";"Day 2.Day 3";"7";0,089623847
"708";"CMG129_CA1_54";"Day 2.Day 3";"7";0,019434605
"709";"CMG129_CA1_569";"Day 2.Day 3";"7";0,481742782
"710";"CMG129_CA1_79";"Day 2.Day 3";"7";0,064280032
"711";"CMG129_CA1_9";"Day 2.Day 3";"7";0,199256805
"712";"CMG154_CA1_134";"Day 2.Day 3";"7";0,209954405
"713";"CMG154_CA1_14";"Day 2.Day 3";"7";0,152287128
"714";"CMG154_CA1_188";"Day 2.Day 3";"7";0,499869949
"715";"CMG154_CA1_214";"Day 2.Day 3";"7";0,122402881
"716";"CMG154_CA1_221";"Day 2.Day 3";"7";0,213063961
"717";"CMG154_CA1_223";"Day 2.Day 3";"7";0,200713125
"718";"CMG154_CA1_420";"Day 2.Day 3";"7";0,040746056
"719";"CMG154_CA1_501";"Day 2.Day 3";"7";0,188383358
"720";"CMG154_CA1_56";"Day 2.Day 3";"7";0,077789083
"721";"CMG154_CA1_59";"Day 2.Day 3";"7";0,093071745
"722";"CMG161_CA1_9";"Day 2.Day 3";"7";0,180131115
"723";"CMG162_CA1_331";"Day 2.Day 3";"7";0,146308174
"724";"CMG162_CA1_607";"Day 2.Day 3";"7";0,146895613
"725";"CMG162_CA1_615";"Day 2.Day 3";"7";0,007017647
"726";"CMG162_CA1_677";"Day 2.Day 3";"7";0,386083662
"727";"CMG162_CA1_680";"Day 2.Day 3";"7";0,007219648
"728";"CMG162_CA1_82";"Day 2.Day 3";"7";0,137468424
"729";"CMG169_CA1_14";"Day 2.Day 3";"7";0,030398976
"730";"CMG169_CA1_16";"Day 2.Day 3";"7";0,351314546
"731";"CMG169_CA1_44";"Day 2.Day 3";"7";0,090708647
"732";"CMG169_CA1_94";"Day 2.Day 3";"7";0,575754542
"733";"CMG129_CA1_280";"Day 2.Day 3";"8";0,096961872
"734";"CMG129_CA1_290";"Day 2.Day 3";"8";0,030364028
"735";"CMG129_CA1_296";"Day 2.Day 3";"8";0,317104603
"736";"CMG129_CA1_5";"Day 2.Day 3";"8";0,13575602
"737";"CMG129_CA1_512";"Day 2.Day 3";"8";0,254879164
"738";"CMG129_CA1_530";"Day 2.Day 3";"8";0,106818096
"739";"CMG129_CA1_94";"Day 2.Day 3";"8";0,566627273
"740";"CMG154_CA1_1";"Day 2.Day 3";"8";0,141323156
"741";"CMG154_CA1_209";"Day 2.Day 3";"8";0,04081723
"742";"CMG154_CA1_26";"Day 2.Day 3";"8";0,04643366
"743";"CMG154_CA1_316";"Day 2.Day 3";"8";0,816820572
"744";"CMG154_CA1_340";"Day 2.Day 3";"8";0,257646857
"745";"CMG154_CA1_464";"Day 2.Day 3";"8";0,123201753
"746";"CMG154_CA1_47";"Day 2.Day 3";"8";0,002671031
"747";"CMG154_CA1_600";"Day 2.Day 3";"8";0,547654543
"748";"CMG161_CA1_23";"Day 2.Day 3";"8";0,046938542
"749";"CMG162_CA1_132";"Day 2.Day 3";"8";0,365822944
"750";"CMG162_CA1_246";"Day 2.Day 3";"8";0,08794629
"751";"CMG162_CA1_37";"Day 2.Day 3";"8";0,00391088
"752";"CMG162_CA1_454";"Day 2.Day 3";"8";0,203629318
"753";"CMG162_CA1_697";"Day 2.Day 3";"8";0,275287463
"754";"CMG162_CA1_75";"Day 2.Day 3";"8";0,379964746
"755";"CMG169_CA1_113";"Day 2.Day 3";"8";0,262259668
"756";"CMG169_CA1_127";"Day 2.Day 3";"8";0,293301277
"757";"CMG169_CA1_378";"Day 2.Day 3";"8";0,329830195
"758";"CMG129_CA1_150";"Day 2.Day 3";"9";0,241683013
"759";"CMG129_CA1_18";"Day 2.Day 3";"9";0,285713427
"760";"CMG129_CA1_265";"Day 2.Day 3";"9";0,031251787
"761";"CMG129_CA1_269";"Day 2.Day 3";"9";0,407248142
"762";"CMG129_CA1_4";"Day 2.Day 3";"9";0,376883611
"763";"CMG129_CA1_93";"Day 2.Day 3";"9";0,093856628
"764";"CMG154_CA1_140";"Day 2.Day 3";"9";0,107318049
"765";"CMG154_CA1_183";"Day 2.Day 3";"9";0,325096854
"766";"CMG154_CA1_449";"Day 2.Day 3";"9";0,025979525
"767";"CMG154_CA1_54";"Day 2.Day 3";"9";0,003322955
"768";"CMG154_CA1_99";"Day 2.Day 3";"9";0,121368678
"769";"CMG162_CA1_107";"Day 2.Day 3";"9";0,093753791
"770";"CMG162_CA1_150";"Day 2.Day 3";"9";0,015937558
"771";"CMG162_CA1_55";"Day 2.Day 3";"9";0,05681895
"772";"CMG162_CA1_56";"Day 2.Day 3";"9";0,122966269
"773";"CMG162_CA1_612";"Day 2.Day 3";"9";0,113204979
"774";"CMG162_CA1_83";"Day 2.Day 3";"9";0,458813046
"775";"CMG162_CA1_92";"Day 2.Day 3";"9";0,043665937
"776";"CMG169_CA1_40";"Day 2.Day 3";"9";0,021032727
"777";"CMG169_CA1_82";"Day 2.Day 3";"9";0,022022425
"778";"CMG129_CA1_264";"Day 2.Day 3";"10";0,326907818
"779";"CMG129_CA1_301";"Day 2.Day 3";"10";0,147796765
"780";"CMG129_CA1_312";"Day 2.Day 3";"10";0,064823244
"781";"CMG129_CA1_411";"Day 2.Day 3";"10";0,055591633
"782";"CMG154_CA1_10";"Day 2.Day 3";"10";0,049043454
"783";"CMG154_CA1_137";"Day 2.Day 3";"10";0,081132476
"784";"CMG154_CA1_203";"Day 2.Day 3";"10";0,129674763
"785";"CMG154_CA1_242";"Day 2.Day 3";"10";0,12785695
"786";"CMG154_CA1_30";"Day 2.Day 3";"10";0,239117155
"787";"CMG154_CA1_318";"Day 2.Day 3";"10";0,278616409
"788";"CMG154_CA1_4";"Day 2.Day 3";"10";0,01148017
"789";"CMG154_CA1_42";"Day 2.Day 3";"10";0,132145847
"790";"CMG154_CA1_5";"Day 2.Day 3";"10";0,013807071
"791";"CMG154_CA1_64";"Day 2.Day 3";"10";0,111188031
"792";"CMG161_CA1_5";"Day 2.Day 3";"10";0,018006065
"793";"CMG161_CA1_8";"Day 2.Day 3";"10";0,059904066
"794";"CMG162_CA1_116";"Day 2.Day 3";"10";0,333263183
"795";"CMG162_CA1_427";"Day 2.Day 3";"10";0,015339863
"796";"CMG162_CA1_487";"Day 2.Day 3";"10";0,263794974
"797";"CMG169_CA1_89";"Day 2.Day 3";"10";0,424768546
